,word,count
0,≥ван,148
105,гора,93
823,мар≥чка,65
24,л≥с,63
41,око,61
380,нога,60
40,од,59
760,рука,55
826,в≥вц€,52
2546,палагна,50
1332,вогонь,44
1050,полонина,40
238,т≥ло,39
153,чути,37
22,чорний,36
227,вода,36
761,груди,35
129,смерека,35
109,небо,35
540,земл€,34
9,знати,34
515,йти,32
94,наче,32
263,мати,31
150,голос,30
235,сонце,29
107,верх,29
2615,юра,29
273,трава,28
1023,бог,28
15,пот≥к,28
90,зелений,27
119,долина,27
309,хмара,26
18,хата,26
492,в≥тер,25
93,б≥лий,25
266,корова,24
1322,дим,24
422,ватра,24
48,десь,24
661,€кий,22
172,св≥т,22
527,серце,21
3436,ха,21
1475,ватаг,21
191,сила,21
479,голова,19
485,м≥сце,18
71,сто€ти,18
63,бачити,18
65,далекий,18
578,смерть,18
31,дивитис€,18
132,св≥й,18
79,зуб,18
1127,житт€,17
453,душа,17
253,тиша,17
408,червоний,17
30,рости,17
998,лиш,17
1506,стањ,17
91,царинка,17
575,тремб≥та,16
388,теплий,16
1453,хот≥ти,16
447,люда,16
121,холодний,16
64,€кийсь,16
729,лице,16
1044,в≥вчар,16
205,чугайстир,15
537,бити,15
328,коло,15
1574,кликати,15
258,повний,15
322,обличч€,14
1421,море,14
670,≥ти,14
194,дух,14
367,великий,14
2,дитина,14
2619,мольфар,14
110,син≥й,14
229,п≥сн€,14
433,почути,14
530,п≥дн€ти,14
239,кам≥нь,14
11,шум,14
1316,аби,13
735,людина,13
111,диханн€,13
1191,сей,13
646,новий,13
452,живий,13
475,побачити,13
12,черемош,13
873,овечка,13
127,тихо,13
1893,молоко,13
308,т≥нь,13
363,б≥к,13
498,сухий,12
1920,рист,12
360,довгий,12
778,другий,12
442,ши€,12
612,готовий,12
204,веселий,12
814,рух,12
610,бартка,12
604,п≥ти,12
219,скел€,12
33,такий,12
144,робити,12
1513,худ≥бка,12
167,сон,11
794,стати,11
163,с≥но,11
2181,разом,11
301,р≥ка,11
886,см≥х,11
739,≥ван≥в,11
28,н≥ч,11
34,глибокий,11
208,танець,11
911,мусити,11
465,коза,11
53,встигти,11
1497,двер≥,11
72,серед,11
1177,думка,11
628,ходити,11
702,чолов≥к,11
426,котитис€,10
516,починати,10
511,здаватис€,10
244,загорода,10
829,один,10
457,гострий,10
503,лежати,10
166,сп≥вати,10
490,пропасти,10
640,кров,10
487,врешт≥,10
745,гар€чий,10
464,нема,10
502,впасти,10
14,г≥рський,10
1306,воринн€,10
1633,г≥сь,10
26,плакати,10
2222,худоба,10
1105,сп≥ванка,10
1528,микола,10
787,пост≥л,9
445,ловити,9
899,сивий,9
1196,ци,9
357,блакитний,9
43,думати,9
359,чорногора,9
611,важкий,9
448,грати,9
103,ведм≥дь,9
368,кам≥нн€,9
790,си,9
355,вставати,9
136,≥ва,9
138,ой,9
152,згук,9
939,перший,9
1601,отара,9
942,б≥гти,9
592,се,9
75,рот,9
19,високий,9
1652,пов≥тр€,9
2871,св≥тло,9
1008,неначе,9
247,маржина,9
271,хвил€,9
1131,кол≥но,9
199,маржинка,8
1978,дерев'€ний,8
924,об,8
1223,мар≥чко,8
1635,ззаду,8
1842,спати,8
1688,хрусь,8
1664,птруа,8
252,ворожий,8
1640,вовна,8
248,зробити,8
198,пасти,8
396,об≥ймати,8
67,н≥хто,8
2058,лава,8
893,дихати,8
329,вухо,8
335,стежка,8
535,ставати,8
297,п≥д≥йматис€,8
352,кр≥зь,8
353,г≥лл€чка,8
768,крик,8
3340,жив≥т,8
2314,дати,8
1098,от,8
21,сум,8
23,смерековий,8
668,к≥нь,8
118,дерево,8
428,сид≥ти,8
519,знайти,8
1299,знов,8
1560,в≥вчарка,7
521,шукати,7
1599,поклик,7
276,зв≥дти,7
1654,бир,7
1910,д≥йниц€,7
1924,мокрий,7
272,л≥совий,7
436,круг,7
434,тихий,7
1534,спузар,7
2147,туман,7
345,легко,7
337,вище,7
17,самотн≥й,7
2470,мрець,7
317,см≥€тис€,7
523,спок≥й,7
228,берег,7
627,любити,7
755,д≥вка,7
1239,стиха,7
620,двоЇ,7
634,село,7
1142,губа,7
1138,голий,7
1135,круглий,7
192,ар≥дник,7
649,кептар,7
1108,могти,7
130,безперестанку,7
1297,прийти,7
771,кинути,7
1051,дикий,7
2771,вечер€,7
135,опов≥дати,7
3155,нал≥во,7
159,кресаню,7
864,носити,7
157,кв≥тка,7
972,шо,7
1287,добрий,7
840,час,7
598,зл≥сть,7
210,н€вка,7
1510,запах,7
536,палець,7
548,пол€нка,7
211,жити,7
1407,полонинський,7
603,зв≥дки,7
601,р≥д,7
1864,бах,6
726,хтось,6
1099,сп≥ваночка,6
1063,холод,6
588,б≥йка,6
1363,ступати,6
555,немов,6
1443,густий,6
2295,казати,6
1022,мертвий,6
338,пом≥ж,6
999,св€то,6
979,ки,6
1580,кулеша,6
1480,скалка,6
1507,бербениц€,6
720,перше,6
393,дощ,6
385,грубий,6
593,старий,6
1716,с€,6
605,гор≥ти,6
1700,дз,6
1202,серц≥,6
2033,вийти,6
446,дивний,6
1696,пастух,6
2044,волосс€,6
528,залл€ти,6
1668,тримати,6
2132,потому,6
595,њхн≥й,6
658,пишний,6
2211,веч≥р,6
664,плече,6
1117,статис€,6
1906,струнка,6
525,рад≥сть,6
2007,ц≥лий,6
139,слухати,6
274,молодий,6
85,щезнути,6
92,маленький,6
254,тремт≥ти,6
116,блищати,6
256,жах,6
225,днина,6
128,сумно,6
241,вс€кий,6
193,злий,6
280,с≥дати,6
2207,г≥сть,5
27,кричати,5
221,щезник,5
504,пам'€тати,5
3412,забути,5
226,виходити,5
86,озеро,5
2188,страх,5
1405,крило,5
217,безконечний,5
522,давати,5
212,сокира,5
240,р≥чка,5
222,розказати,5
102,галузка,5
1372,жовтий,5
1183,бо€тис€,5
410,с≥сти,5
2755,ст≥л,5
1190,згадка,5
2760,ворож≥нн€,5
427,гр≥м,5
1317,слава,5
438,мука,5
1326,сердито,5
1364,людський,5
1330,поп≥д,5
2815,заклинати,5
467,жаль,5
468,фло€ра,5
483,т≥кати,5
2339,€кби,5
2323,згадати,5
1470,чорн≥ти,5
2122,почати,5
1079,полонинка,5
969,питати,5
3764,в≥ск,5
1884,чекати,5
1883,кошара,5
803,подумати,5
69,гач≥,5
985,уж,5
984,забава,5
1848,т€гнути,5
966,жаба,5
753,певно,5
3293,смертельний,5
3292,танцювати,5
1639,трусити,5
955,падати,5
914,х≥д,5
1671,овечий,5
1677,солодкий,5
934,спочивати,5
1009,вид,5
1021,зима,5
106,близький,5
699,в≥з,5
2116,кращий,5
1070,класти,5
1499,ме,5
645,одежа,5
2081,ст≥кати,5
657,хустка,5
82,гукати,5
696,дорога,5
3055,палагни,5
737,ворог,5
2013,турбота,5
1532,брачч≥ку,5
1992,куток,5
1031,легкий,5
724,вдарити,5
730,сорочка,5
4,родина,5
732,чел€дь,5
2724,газда,5
931,л≥сний,5
394,м'€ко,5
319,трудно,5
2592,пор≥г,5
10,в≥чний,5
341,бл≥дий,5
1261,милий,5
8,анничка,5
299,глухий,5
283,денц≥вка,5
2550,грош≥,5
387,шовковий,5
1214,душко,5
1849,пливти,4
2866,€гничка,4
114,мов,4
833,погл€д,4
2860,нин≥,4
1244,раз,4
1844,приходити,4
1246,година,4
1977,важко,4
293,мелод≥€,4
3164,направо,4
2142,пропадати,4
1213,говорити,4
399,кучер€вий,4
2293,красний,4
50,св≥чка,4
1362,родитис€,4
491,обернутис€,4
1815,бовгар,4
1539,б≥да,4
1291,отак,4
3064,град,4
303,прозорий,4
1157,чужий,4
848,одна,4
3,гуцульський,4
846,гаразд,4
1996,жентиц€,4
1380,вести,4
727,чоло,4
510,наслухати,4
630,храм,4
1278,об≥звалась,4
1409,зам≥сть,4
992,широкий,4
1557,гордо,4
1519,спок≥йний,4
1891,вим'€,4
788,мережаний,4
292,кидати,4
2678,т≥сно,4
1585,кожний,4
1901,мр€ка,4
1912,козар,4
171,л≥та,4
777,н≥чьо,4
3105,згинались,4
2168,„асом,4
175,знаходити,4
1460,прост≥р,4
585,файний,4
587,загинути,4
1102,гра,4
589,род,4
1116,с≥ножать,4
122,горб,4
2162,вноч≥,4
2251,зор€,4
710,одразу,4
543,крутитис€,4
1875,заснути,4
744,битис€,4
1879,дол≥тати,4
547,пл€ма,4
3332,баркан,4
1426,бур€,4
792,файно,4
1427,дно,4
1124,простий,4
203,блукати,4
3484,пень,4
1428,край,4
1565,скочити,4
1568,шерсть,4
3178,трошки,4
1158,молодиц€,4
2002,будз,4
450,пустка,4
1662,др≥бний,4
906,уперто,4
1736,и,4
100,гаджуги,4
1740,втекти,4
1659,тертис€,4
901,тепло,4
2061,в≥кно,4
949,здоровий,4
2495,коханн€,4
897,лет≥ти,4
2496,зо,4
7,останн≥й,4
1527,тонкий,4
379,кор≥нн€,4
443,рад≥сний,4
2784,страва,4
1733,б≥ль,4
1728,спина,4
313,царинок,4
674,гейби,4
2481,вз€ти,4
99,темний,4
2485,габа,4
1242,мн≥,4
1687,хрум,4
2471,лишитис€,4
1305,угору,4
673,плай,4
1192,лукаво,4
133,нести,4
108,голуб≥ти,4
1704,муха,4
686,жар,4
1709,закрити,4
1514,допомогти,4
1721,с≥рий,4
3017,блиск,4
140,збирати,4
451,видно,4
1529,ж≥ночий,4
881,холодок,4
463,фло€ру,4
655,запаска,4
1500,зв≥р,4
2085,вт≥ха,4
870,€гн€,4
2628,с≥ль,4
190,нечистий,4
703,ж≥нка,4
2347,рик,4
1292,тоненький,4
2346,прост€гати,4
3184,п≥т,4
482,хт≥в,4
1805,св≥жий,4
2581,сус≥д,4
650,черес,4
386,м'€кий,4
1761,годний,4
1642,старечий,4
454,озирнутис€,4
1179,правда,4
762,зловити,3
3810,уста,3
3100,намет,3
706,купа,3
714,зал≥зний,3
1537,згаснути,3
3820,бр€жчати,3
1228,дол€,3
2042,л≥коть,3
300,гом≥н,3
134,долом,3
1571,рожевий,3
3507,покласти,3
3106,удвоЇ,3
1538,л≥то,3
2001,ст≥на,3
733,кинутис€,3
1572,золото,3
1928,д≥рка,3
1965,ц≥каво,3
693,тато,3
704,спинитис€,3
687,ран≥шн≥й,3
1018,шкура,3
1251,му,3
3618,скакати,3
340,зарослий,3
42,л€к,3
2588,гл€нути,3
1017,мороз,3
751,ага,3
343,колючий,3
752,—е,3
1559,сильний,3
1048,шум≥ти,3
3782,м≥д€ний,3
1981,подри,3
1227,пок≥рно,3
334,грунь,3
3624,в≥ддих,3
692,вертати,3
3145,пустити,3
1007,поза,3
1775,поле,3
3201,вага,3
62,чудний,3
874,справд≥,3
66,в≥домий,3
871,прийн€ти,3
3188,втратити,3
964,жал≥бно,3
305,вигл€дати,3
2609,зн€ти,3
968,понад,3
859,смуток,3
1809,собака,3
1811,€зик,3
1814,пастис€,3
3658,п≥тьма,3
850,весна,3
849,танути,3
1637,згинати,3
1771,в≥дьма,3
1625,старанно,3
1766,сильн≥ший,3
1694,запалити,3
1698,почина,3
3251,триматис€,3
1701,тонко,3
1243,миленький,3
1672,хв≥ст,3
312,усм≥шка,3
943,ст≥й,3
1660,хвилювати,3
900,борода,3
1751,пити,3
1755,пек,3
154,пом≥тний,3
1756,цур,3
891,пр≥рва,3
1649,бе,3
889,л€чно,3
1818,тремб≥ту,3
1822,њсти,3
1006,кудись,3
1597,кида,3
1596,переходити,3
3136,вид≥ти,3
800,нащо,3
325,вилась,3
1885,метатис€,3
168,будити,3
1887,бле€ти,3
1588,твердо,3
169,дзв≥н,3
170,минути,3
141,малина,3
1002,старин€,3
776,спок≥йно,3
1241,≥згадай,3
773,подивитис€,3
1578,мирн≥сть,3
45,баба,3
2595,≥г≥й,3
807,вит€гти,3
1623,бескид,3
3142,крикнути,3
1622,добродушно,3
975,бурак,3
976,борщ,3
839,т€жкий,3
1618,докупи,3
978,бураки,3
831,обоЇ,3
983,розгубити,3
162,л€гати,3
1245,≥згадаю,3
1606,схилитис€,3
1857,воластий,3
1861,посп≥шати,3
1863,стр≥ла,3
817,уз€ти,3
3146,одпов≥дь,3
3510,зникнути,3
679,отава,3
665,д≥стати,3
1517,об≥зватис€,3
2526,гадати,3
3405,≥ванку,3
365,з≥тханн€,3
288,старший,3
2267,глина,3
2528,скласти,3
3417,р€д,3
232,молитва,3
526,вступити,3
518,пам'€ть,3
597,кип≥ти,3
1387,дико,3
512,брин≥ти,3
243,провалл€,3
1374,приносити,3
101,кивати,3
20,кичера,3
1367,вуйко,3
375,лишай,3
1420,хребет,3
544,прис≥дати,3
676,т€гтис€,3
1425,мить,3
125,самотний,3
358,привид,3
591,топ≥рець,3
2931,розпливались,3
2548,фудульна,3
1452,обн€ти,3
1448,таки,3
1112,куп≥ль,3
87,тр≥ск,3
2911,п≥зно,3
2219,рег≥т,3
289,музика,3
562,голубан€,3
2899,цв≥сти,3
2239,м€,3
2886,юр≥й,3
2253,небесний,3
495,рвати,3
2516,тусок,3
2837,г≥рко,3
2404,махати,3
2770,палагн≥,3
2423,ан≥,3
277,обзивались,3
2426,безодн€,3
1318,≥сусу,3
430,догл€дати,3
391,позолочений,3
2762,переповнений,3
2719,брати,3
420,куритис€,3
1298,повернути,3
2449,глибина,3
2743,ц≥лувати,3
1197,пара,3
282,виймати,3
407,роса,3
404,мох,3
1182,ворожка,3
2399,га,3
1160,сумний,3
267,гнати,3
1162,кра€ти,3
378,об≥йми,3
2702,блискучий,3
481,цап,3
3558,чугайстер,3
1353,брова,3
474,рад≥сно,3
1350,сюди,3
469,п≥дн€тис€,3
1293,д≥вочий,3
2504,одному,3
1172,баран,3
461,заплющивши,3
460,р≥жок,3
2793,годитис€,3
3532,пеньок,3
2786,тайний,3
126,осел€,3
1424,застигти,3
201,заЇць,3
2579,газдин€,3
3019,одкритий,3
2551,дорогий,3
1511,завтра,3
1471,отв≥р,3
1472,порожн≥й,3
2146,глухо,3
1087,луск≥т,3
2144,ей,3
1508,путина,3
3266,звести,3
2651,перел≥зти,3
1085,коров,3
654,дрот€ний,3
206,просити,3
1067,божий,3
2136,тиждень,3
648,писаний,3
1068,дзвонити,3
1267,з≥рка,3
1222,гризти,3
1486,скуплений,3
644,луд≥нн€,3
2993,поб≥гти,3
2990,стиснути,3
2170,св€тий,3
2663,полотно,3
2482,неспод≥вано,3
344,ожина,3
1060,весн€ний,3
1093,нав≥ки,3
2166,к≥лок,3
1516,в≥ддати,3
1094,прац€,3
606,бажанн€,3
2051,чеканн€,3
1515,пан,3
1092,спочити,3
1091,з≥тхати,3
37,з≥р,3
1348,ср≥бний,2
1536,пильнувати,2
61,штани,2
1343,дор≥жка,2
1346,р≥дше,2
1522,мико,2
3478,плечем,2
1307,т€жко,2
3291,гатити,2
3267,семен,2
1302,вес≥лл€,2
1311,п≥дпирати,2
3469,здригнутис€,2
1349,нитка,2
3470,злов≥сний,2
1351,доходити,2
1520,величний,2
1269,тоту,2
1679,храбуст,2
1627,дит€чий,2
3361,вдивл€вс€,2
1355,закосичити,2
3364,мозок,2
1493,к≥нець,2
1632,уздр≥ти,2
1523,гукнути,2
1341,пекти,2
1338,сипати,2
1666,навертати,2
1670,громадити,2
78,люлька,2
1310,вол€,2
1309,шумливий,2
3296,щасливий,2
1657,погл€дати,2
3466,дов≥ку,2
81,люто,2
3283,Їден,2
1324,обор≥г,2
1526,ватру,2
1674,плескатий,2
1531,стаю,2
3347,св≥дом≥сть,2
1266,котрий,2
1676,кор≥нь,2
1325,запашний,2
1308,покидати,2
1645,одкривати,2
1663,драгл≥ти,2
1643,вираз,2
3456,безжурний,2
1356,жмуток,2
1467,закопчений,2
1357,грань,2
1444,збурений,2
1442,вкритий,2
1439,чорногор,2
1564,хвилина,2
1437,шпиль,2
1589,широко,2
1435,≥грець,2
3395,ход≥м,2
1248,меш,2
3398,мовчки,2
1562,кожух,2
3376,черешневий,2
1412,килим,2
3312,к≥сть,2
3411,пов≥ка,2
1555,лихого,2
1586,обходити,2
1249,сарака,2
1600,радо,2
3389,над≥йти,2
1468,д≥ра,2
3377,цв≥т,2
1469,ст≥нка,2
1462,писк,2
73,заплющити,2
1570,убранн€,2
1454,крикнуть,2
3328,шпара,2
70,спадати,2
3387,банувати,2
1450,зливалось,2
1447,вали,2
1282,сльоза,2
1581,тота,2
3322,€кось,2
1284,з≥тхнути,2
1604,показатис€,2
1542,повага,2
1615,лихо,2
1483,скрип≥ти,2
1383,кора,2
1376,лишати,2
1546,зд≥йматис€,2
1373,корн≥,2
1273,весел≥сть,2
1290,занехаю,2
1487,строгий,2
3494,глиц€,2
1545,хвою,2
1544,п≥дкидати,2
1489,скоро,2
3502,пом≥тити,2
1543,жрець,2
3367,колись,2
1386,пусто,2
1613,христи€нський,2
1554,боронити,2
1610,господь,2
1553,невгасимий,2
3416,тулитис€,2
3308,помогти,2
1549,перетинати,2
1396,сума,2
1474,ночувати,2
1393,гадюка,2
1392,витис€,2
1389,забутий,2
3372,вернутись,2
1481,перет€гати,2
1607,пригнати,2
1388,кладовище,2
1285,сумн≥ше,2
1482,рем≥нь,2
1369,припадати,2
307,напоЇний,2
1684,накривати,2
2264,побратим,2
2863,припл≥д,2
2285,плювати,2
2865,чинити,2
2280,лоб,2
2277,сотони,2
2274,сховати,2
2874,промовл€ти,2
2880,щоби,2
2830,побитий,2
2261,него,2
2882,п≥знала,2
2883,ур≥к,2
2258,первов≥к,2
2257,додавати,2
2255,перестати,2
2254,в≥дати,2
2859,годувати,2
2291,в≥дтод≥,2
2292,дивно,2
25,л€кати,2
2332,дах,2
2836,б≥дний,2
2840,чекаючи,2
2322,курити,2
2320,зн€тис€,2
2319,слина,2
2318,той,2
2842,певний,2
2844,нагло,2
2313,сього,2
2311,змерзти,2
2846,невидимо,2
2309,вигадати,2
2308,млин,2
2300,поробити,2
2247,ближче,2
2245,блищав,2
2242,кучерик,2
2194,день,2
2189,набратис€,2
2932,мрич,2
32,нен€,2
2935,мохнат≥,2
2174,меч,2
2173,блискати,2
2941,муравлисько,2
2943,намисто,2
2165,сушитис€,2
2946,тугий,2
2160,востаннЇ,2
2159,роздерти,2
2950,бук,2
2953,смачно,2
2150,наткнутис€,2
2192,упасти,2
2195,сн≥г,2
2894,с≥нок≥с,2
2924,посто€ти,2
2232,родити,2
2231,хл≥б,2
2904,одлет≥ти,2
2224,миколу,2
2220,покривати,2
2218,розмова,2
2910,поп≥л,2
2915,вголос,2
2916,одкинути,2
2206,здоров'€,2
2918,встати,2
2920,паща,2
2202,кукурудза,2
2201,буришка,2
2200,опов≥данн€,2
2335,од≥гнати,2
2822,њжа,2
2958,недобре,2
2524,гогози,2
2674,забити,2
2552,зіарда,2
2676,клоп≥т,2
2686,звикнути,2
2534,з'€витис€,2
2693,пазь,2
2694,сердивсь,2
2523,голод,2
2349,одд≥л€ти,2
2522,рана,2
2519,вуха,2
2508,кривавий,2
2505,зар≥нок,2
2503,лють,2
2500,пекучий,2
2489,крутити,2
2562,займати,2
2566,щасливо,2
2567,уположались,2
2661,отой,2
2621,земний,2
2620,дужий,2
2634,перекидалась,2
2637,метати,2
2598,повз,2
2643,справа,2
2594,закрутилось,2
2591,долон€,2
2646,б≥гати,2
2587,хима,2
2648,загороду,2
2650,намагатис€,2
2583,жал≥тис€,2
2582,б≥г,2
2658,хе,2
2487,гоц,2
2722,палагну,2
2480,брела,2
2406,≥ще,2
2392,зламати,2
2391,клубок,2
2387,неспок≥й,2
2386,хапати,2
2385,горло,2
2376,самота,2
2375,калата,2
2806,чорнокнижник,2
2809,ласкавий,2
2358,вовною,2
2817,п≥ч,2
2356,варити,2
2355,стогнати,2
2352,кл≥пати,2
2351,невже,2
2395,ов,2
2409,вхопити,2
2474,засмучений,2
2413,вз€тис€,2
16,сповн€ти,2
2733,м≥сто,2
2740,гор≥лка,2
2456,п≥на,2
2745,диво,2
2445,ќд,2
2754,зас≥дати,2
2439,збл≥днути,2
2436,дн≥ти,2
2759,будень,2
2431,кипл€чий,2
2763,щось,2
2429,озираючись,2
2427,€сно,2
2419,напевно,2
2956,враз,2
2143,ге,2
3262,запались,2
1838,нал€гати,2
1866,рушниц€,2
1858,скаче,2
1854,рудий,2
1853,опершись,2
5,пал≥йчук≥в,2
3162,л≥вий,2
3163,завертати,2
1837,жила,2
1927,одхил€ти,2
1836,текти,2
1835,чутно,2
1831,мара,2
1830,гн≥здитис€,2
1827,суворий,2
3172,ц≥пок,2
3173,вивс€,2
3148,м≥цно,2
1871,зар≥зати,2
3144,пускати,2
3143,клек≥т,2
1923,хльоска,2
3112,л≥д,2
1921,гон≥нник,2
3115,м≥х,2
1913,слово,2
1907,доњнн€,2
1904,спочинок,2
3124,стовбур,2
1899,закурились,2
3127,в≥тром,2
3132,з≥гнутис€,2
1890,тр€сучи,2
1886,пес,2
3137,наперед,2
3140,зв≥€ти,2
1819,повол≥,2
1816,спертис€,2
3183,залитий,2
1757,бодай,2
1747,зи,2
3221,питанн€,2
1743,мурко,2
3224,прост€г,2
1735,дзи,2
1734,нестерпучий,2
1730,заводити,2
1726,хот≥тис€,2
1722,потемн≥ти,2
1715,питатис€,2
3245,корчм≥,2
1708,прибувати,2
3247,ц≥луватис€,2
1705,обзиватис€,2
3252,приймати,2
1748,бол≥ти,2
1762,дз≥,2
1803,кривити,2
1764,дме,2
1802,б≥гу,2
1800,душно,2
1799,робитис€,2
3186,нест€ма,2
3187,бо€чись,2
1794,в≥вчарик,2
1793,замовкти,2
3192,короткий,2
3196,знесилл€,2
3197,пусти,2
1780,озерце,2
3202,м≥шок,2
3204,безв≥сть,2
1768,копито,2
1765,нав≥жений,2
3110,шум≥ло,2
1929,кудою,2
2141,густ≥й,2
2055,полиц€,2
3003,додому,2
3013,почувати,2
3016,павутинн€,2
2065,посуд,2
2063,пом≥тно,2
2059,диха,2
3021,юром,2
3028,байдужий,2
3097,зчорн≥ти,2
2047,см≥ти,2
3030,любаса,2
38,тривоз≥,2
3031,юру,2
3034,здатис€,2
3036,палагночко,2
2035,с≥н€х,2
3001,пишно,2
2999,розс≥вать,2
2091,сироватка,2
2104,немало,2
2959,опустити,2
2961,вп≥рнути,2
2135,дивуватис€,2
2134,≥нший,2
2963,пускала,2
2968,жаринка,2
2127,стадо,2
2971,зусилл€,2
2120,серна,2
2978,закинути,2
2112,закуритис€,2
2111,одинокий,2
2108,знизитис€,2
2107,ненароком,2
2105,пригода,2
39,одвертати,2
2028,наново,2
3044,вернутис€,2
1974,тр≥щати,2
1971,безлюдний,2
1969,лунати,2
1963,труп,2
1961,струмочок,2
1958,дзв≥нко,2
3088,зл≥зти,2
1952,масний,2
1951,п≥д≥ймати,2
3092,клекот≥ти,2
1949,пахнути,2
1948,д≥йка,2
1946,мнуть,2
3094,б≥ластий,2
3096,розпихав,2
1942,здоЇний,2
1973,в≥кувати,2
3076,парувала,2
2023,вробити,2
1979,посудина,2
3048,ан≥трошки,2
3050,зверталась,2
3051,охоче,2
3052,прислухатис€,2
2012,належати,2
3059,зразу,2
2004,гусне,2
3063,сперти,2
2000,лавка,2
1997,св≥тити,2
1995,жиЇ,2
1989,сир,2
1987,прогнати,2
3074,любаска,2
1982,сохнути,2
1914,клене,2
2622,потребувати,2
1240,вухом,2
415,смерек,2
409,€года,2
1129,складати,2
820,сердитий,2
821,опов≥дала,2
195,правити,2
3753,пов≥стувати,2
824,пасе,2
581,роздушити,2
412,н≥жно,2
255,сповнений,2
825,дроб'Їта,2
414,хво€,2
1121,заслабла,2
996,вкуп≥,2
828,сл≥пий,2
1150,под≥€,2
416,зм≥шавшись,2
1114,сходити,2
830,покрасти,2
123,др≥мати,2
1107,з'€вл€лись,2
477,галузок,2
124,сонц≥,2
837,померти,2
1004,задуманий,2
888,забирались,2
887,втомившись,2
257,казка,2
586,лег≥нь,2
279,дзв≥нок,2
819,вереск,2
151,птах,2
990,кучер,2
815,подати,2
786,купити,2
384,мхи,2
500,мхах,2
499,слизький,2
249,шкода,2
572,горе,2
981,здивувати,2
795,вм≥ти,2
389,н≥жний,2
1145,зозулька,2
1144,ламатис€,2
3571,погл€нути,2
496,зрадливий,2
799,неймов≥рно,2
3761,перев≥з,2
493,т€ма,2
392,л≥тн≥й,2
804,знаючи,2
805,одпов≥сти,2
988,смер≥чка,2
250,прокинувшись,2
808,цукерка,2
809,ади,2
810,половина,2
403,глиб≥нь,2
812,поважний,2
813,дов≥р'€,2
577,д≥л,2
902,самотньо,2
546,сон€чний,2
1101,обзивалась,2
429,забувши,2
857,давн≥й,2
1064,в≥€ти,2
1062,гром,2
615,байка,2
215,неде€х,2
596,гутенюк≥в,2
1059,плов,2
863,т€гти,2
3730,вилет≥ти,2
260,таЇмничий,2
1055,лаби,2
1054,задн≥й,2
3867,носатий,2
262,страшний,2
1052,лом,2
131,спускати,2
609,тат≥в,2
455,скамен≥в,2
1045,забле€ли,2
1043,заграти,2
1042,ра,2
1041,рай,2
261,ц≥кавий,2
458,бор≥дка,2
1040,тур,2
3620,сапати,2
1029,розсипатис€,2
207,стр≥чний,2
1036,мчати,2
1030,пил,2
616,батько,2
594,ворожнеча,2
431,с≥й,2
619,старин≥,2
1100,ск≥нчити,2
432,дзв≥нкий,2
473,заскакати,2
1095,закувала,2
3602,кривий,2
3603,п≥ддавав,2
1088,зойк,2
1086,3,2
1084,шептати,2
629,церква,2
842,газди,2
1011,прикладати,2
1082,любко,2
1013,уст,2
3605,го,2
1078,приб≥гти,2
437,справл€ти,2
845,спливати,2
3857,осл≥н,2
883,дурний,2
1075,коломийка,2
440,нерухомий,2
3860,юрма,2
1073,поточок,2
1019,вил≥тати,2
1071,пол≥г,2
622,решта,2
1069,коса,2
1066,правий,2
189,панувати,2
3573,волохатий,2
1151,св≥жу,2
3537,с≥тка,2
296,знизу,2
1209,най,2
346,перескакувати,2
948,бувати,2
529,заклекот≥ти,2
688,дашок,2
921,бродити,2
3534,пол€на,2
919,втомлений,2
950,щипати,2
524,поплисти,2
684,високо,2
236,сушити,2
176,пом≥чний,2
350,повалений,2
1195,≥ванко,2
682,плив,2
750,тр€стис€,2
681,вздовж,2
177,з≥лл€,2
3825,полом≥нь,2
3780,п≥дн€тий,2
514,«разу,2
3828,чад,2
3829,нудний,2
3697,спускатись,2
342,папороть,2
947,ковальова,2
1212,мой,2
691,стр≥чу,2
542,голубець,2
314,щохвилини,2
224,гарний,2
712,нев≥домо,2
1232,жалко,2
539,п'€та,2
315,м≥н€ти,2
316,настр≥й,2
1229,судитис€,2
708,гвалт,2
707,лютий,2
318,хмуритис€,2
705,збились,2
321,рухливий,2
3800,голосити,2
1221,жура,2
3522,з≥рватис€,2
323,сп≥ймати,2
734,одт€гати,2
326,тр≥пати,2
926,проган€в,2
302,капати,2
1218,газд≥вство,2
330,давалась,2
3794,мужу,2
1181,помагати,2
1033,дихнути,2
1238,головка,2
775,матовий,2
3832,гомон,2
364,дзв≥нка,2
186,вдома,2
960,син,2
173,≥накше,2
509,здивований,2
564,межи,2
663,ц≥пка,2
565,прив≥тно,2
662,обережно,2
370,вершок,2
912,часом,2
3665,податис€,2
1163,к≥нчати,2
376,здушений,2
568,зр≥дка,2
507,знайомий,2
377,гадючий,2
1159,придушений,2
781,пот≥шала,2
782,лаг≥дний,2
910,ус€кий,2
785,мовчати,2
569,дзвонили,2
1176,жадний,2
779,май,2
764,пазуха,2
3830,випар,2
561,жовтан€,2
113,зелень,2
767,д≥вчинка,2
3831,вис≥ти,2
3899,випихали,1
2940,закопати,1
2887,одбира,1
2888,дмитро,1
2906,остра,1
2945,зимний,1
3890,застр€гти,1
3901,п≥ддавати,1
3875,захоплювати,1
3892,м≥ркуванн€,1
2889,ключ,1
3880,коливатис€,1
2942,булка,1
3900,т≥сний,1
2890,св≥тов≥,1
2891,плава,1
3887,м≥н€ючи,1
2927,скрипнути,1
3894,висити,1
3874,розт€гнути,1
3902,охоти,1
3889,вуст,1
2885,джерельце,1
2925,гола,1
2944,ѕомалу,1
3871,починалась,1
2914,почало,1
2913,збудилась,1
3872,повернутис€,1
3881,чад≥ло,1
3888,кутик,1
2912,обл€гтис€,1
3903,йди,1
3873,приЇднатись,1
2926,бо€зко,1
2892,п≥днесуть,1
3893,с≥нешн≥й,1
2939,благов≥щенн€,1
3879,горбатий,1
2917,л≥жник,1
3877,ширший,1
2903,дими,1
3885,затаЇний,1
2933,п≥д≥ймалась,1
3882,розходитис€,1
2898,зелом,1
3883,весело,1
2907,л≥т≥,1
2902,одцв≥сти,1
3896,буц≥м,1
3895,чорн€вий,1
3884,розростались,1
2921,цв≥ркун,1
2901,серпанок,1
2923,скинути,1
3878,добиратис€,1
2922,розщ≥бнула,1
2930,пос≥р≥л≥,1
2897,велико,1
2934,прост€гала,1
2937,злегка,1
2919,поз≥хати,1
2938,зв≥сно,1
2893,обростати,1
2909,намножитис€,1
2908,множилась,1
3886,ворушили,1
3898,дес€тка,1
2936,опов≥дав,1
2929,ченець,1
3891,г≥ркий,1
3897,упиралась,1
3876,ширше,1
2895,сп≥чнуть,1
2905,перегнаний,1
2928,обв≥€в,1
2896,заростаючи,1
2900,загортати,1
3855,пхалис€,1
3870,покотитис€,1
3026,стомлений,1
3020,в'€зав,1
3833,схил€тис€,1
3022,придивл€тис€,1
3023,ослабл€ла,1
3024,вод€нистий,1
3025,св≥тилось,1
3027,худ,1
3869,зсередини,1
3029,захот≥ти,1
3827,спертий,1
3826,лизав,1
3032,силком,1
3033,стр≥лись,1
3035,опутало,1
3834,м≥шатис€,1
3835,упр≥лий,1
3018,пожадливо,1
3836,м≥нливий,1
3837,таб≥вках,1
3015,знемога,1
3014,млость,1
3838,сповн€лась,1
3012,палата,1
3011,зачепись,1
3010,сварка,1
3009,≥ванов≥,1
3008,вагалась,1
3007,приступитись,1
3006,вт€ти,1
3005,смага,1
3004,сус≥донько,1
3824,опливаючи,1
3037,€зиц≥,1
3038,верт≥лась,1
3054,палкий,1
3809,неб≥жчик,1
3065,ока,1
3811,ворушились,1
3812,пот≥шити,1
3813,розлучений,1
3062,роз≥гнать,1
3061,наслати,1
3060,сохла,1
3058,гинула,1
3057,потужний,1
3056,могутн≥й,1
3814,полишити,1
3815,газдувати,1
3816,худ≥бчина,1
3053,дивувалась,1
3823,топитис€,1
3817,чолов≥к≥в,1
3818,одчинений,1
3819,вступати,1
3049,побиватис€,1
3047,здохнути,1
3821,посувались,1
3046,зв≥стка,1
3045,стр≥в,1
3822,св≥ча,1
3043,начуватис€,1
3042,удруге,1
3041,закопилити,1
3040,здержатис€,1
3039,в≥дпов≥дь,1
3839,товпитис€,1
3002,плодились,1
3840,рушати,1
3861,гостро,1
3853,несм≥ливо,1
2973,баньки,1
3854,тупати,1
2972,вилупити,1
2970,ворухнутис€,1
2969,випивати,1
3856,гурк≥т,1
2967,зомл≥ти,1
2966,сливе,1
2965,безсила,1
2964,врости,1
3858,рвались,1
3859,м≥шались,1
2962,вогнисту,1
2960,безвладно,1
2975,скував,1
3862,розт€в,1
3863,покрова,1
3864,стриманий,1
2957,тратити,1
3865,бухнути,1
2955,к≥сточка,1
3866,шапка,1
2954,хруснувши,1
2952,пот€гтис€,1
2951,розкопать,1
2949,пливло,1
2948,своб≥дно,1
2947,материнство,1
3868,басити,1
2974,спускаючи,1
2976,блимнути,1
3000,учорашн≥й,1
2987,нап≥вп≥дн€тий,1
3841,повзли,1
3842,солоденький,1
2998,вигиналось,1
2997,палагнине,1
2996,усл≥д,1
2995,н≥здр≥,1
3843,сь,1
2994,роздуваючи,1
3844,лишити,1
2992,шарпонутис€,1
2991,пот€гти,1
3845,принести,1
2989,в≥йнути,1
2988,зблизька,1
2986,кептара,1
3852,починатис€,1
2985,шов,1
2984,жахлив≥м,1
2983,солодк≥м,1
3846,привезти,1
2982,поворухнутись,1
3847,тужливо,1
3848,додаючи,1
2981,нездатний,1
2980,спопелити,1
3849,жалю,1
3850,тањлась,1
2979,плили,1
3851,гн≥тучого,1
2977,б≥гме,1
3904,д≥вонька,1
3925,псувавс€,1
3905,загальний,1
2712,беканн€,1
2708,обливало,1
3979,скинутий,1
3978,загадковий,1
2709,круглих,1
2710,господар,1
3977,днигт≥в,1
2711,€гниц€,1
2713,терлись,1
3980,ридати,1
3976,пом≥ст,1
2714,запускав,1
2715,пухнату,1
2716,вовну,1
2717,батьк≥вський,1
2718,почутт€,1
3975,псуючи,1
2707,р≥вновага,1
2706,втрачений,1
2884,худоб'€чий,1
2696,грудка,1
3987,обгородженний,1
3986,безл≥сний,1
3985,кичер≥,1
2695,винувато,1
3984,словник,1
3983,черн≥г≥в,1
3982,1911,1
2697,дов≥рливий,1
2705,гною,1
2698,б≥лан€,1
2699,висувати,1
2700,лизати,1
2701,вогкий,1
3981,жовтень,1
2703,при€зно,1
2704,молочний,1
3974,збиваючи,1
2720,сьому,1
3973,стр≥чних,1
2744,ото,1
2737,п≥нилось,1
2738,пиво,1
2739,лилась,1
3965,жид,1
2741,зл≥тались,1
2742,новина,1
3964,сварились,1
2746,вдоволений,1
2721,кохати,1
2747,набулись,1
2748,вертались,1
2749,щоденний,1
2750,прињздити,1
2751,чесний,1
2752,гостина,1
2753,дуж≥,1
2736,стремено,1
2735,закладала,1
2734,с≥длала,1
2732,њздити,1
3972,перекидаючи,1
3971,спини,1
3970,замашний,1
3969,рушник,1
2723,голови,1
2725,добр≥м,1
2726,хаз€йство,1
2727,люльку,1
3968,скруцак,1
2728,ст≥льки,1
2729,намиста,1
3967,клочч€,1
3966,прил≥пивши,1
2730,заздрощ≥,1
2731,розс≥далась,1
2692,заткнис€,1
2691,гн≥ватис€,1
2690,примха,1
4004,бриндзю,1
2644,п≥дгл€дати,1
4008,картопл€,1
2645,прим≥вка,1
4007,негора,1
2647,наробити,1
4006,коз€чий,1
4005,коров'€чий,1
2649,одган€ти,1
2657,сус≥доньц≥,1
4003,ста€,1
4002,пов≥тка,1
4001,лата,1
2652,хл≥в,1
2653,щезлий,1
2654,скрип,1
2655,голосок,1
4009,водопад,1
2642,подою,1
2641,худнути,1
2640,р€ба,1
4012,бутин,1
4011,обшивка,1
2625,стр≥чаючи,1
2626,спльовувати,1
2627,непом≥тно,1
2629,оц≥,1
2630,найг≥рше,1
2631,докучати,1
2632,улесливий,1
2633,прив≥тний,1
4010,каш≥ца,1
2635,нипала,1
2636,сус≥дський,1
2638,жбурл€ти,1
2639,вилами,1
2656,химин,1
4000,огорожа,1
2689,дор≥кала,1
2680,власний,1
3992,сажень,1
2675,надоњти,1
3991,вогнище,1
3990,афини,1
2677,спам'€татис€,1
3989,острива,1
2679,в'€залось,1
2681,вит≥сн€ло,1
2659,безвстидний,1
2682,зводити,1
2683,копиц€,1
2684,зл≥тати,1
2685,робота,1
2687,одпочивати,1
2688,пишаючись,1
3988,€линка,1
3993,сурма,1
3994,деревина,1
3995,суточки,1
2673,доњть,1
2660,виробл€ти,1
3999,воронинн€,1
2662,родима,1
3998,негода,1
3997,ж≥нота,1
2664,б≥л≥ти,1
2665,смерк,1
3996,обгороджений,1
2666,повзла,1
2667,вуж,1
2668,спивати,1
2669,м≥с€ць,1
2670,темно,1
2671,прис€гавс€,1
2672,терниц€,1
3963,пхались,1
3962,мельник,1
2756,споживати,1
3924,кептарах,1
2839,пекло,1
3928,гупати,1
2841,молитис€,1
3927,реготались,1
2843,схилившись,1
3926,опов≥дали,1
3807,в≥хола,1
2845,померлих,1
2852,маланки,1
3923,пр≥ли,1
3922,робилось,1
3921,розпал€лась,1
2847,продуй,1
2848,вимагати,1
2849,продмухував,1
2850,привалити,1
2838,пробувають,1
3929,моргати,1
2835,йдучи,1
2834,л€гаючи,1
3934,згасити,1
3933,грище,1
2823,см≥ли,1
2824,погл€дала,1
2825,згод≥,1
2826,благаючи,1
2827,припустити,1
2828,пропадом,1
2829,бутан,1
3932,подв≥р'€,1
3931,розкласти,1
2831,покал≥чений,1
2832,потоплений,1
3930,м≥стились,1
2833,встаючи,1
2851,зас≥дав,1
2853,босон≥ж,1
2821,спливала,1
2877,шобис,1
6,двадц€тою,1
3912,згаснуть,1
2872,приступ,1
2873,манниста,1
3911,липнути,1
2875,газду,1
2876,шанувати,1
3910,лазила,1
2854,пухкий,1
2878,р≥дко,1
2879,рикала,1
3909,застигл≥м,1
3908,жовт≥м,1
2881,черед≥нниц€,1
3907,скл€ний,1
3906,скорботно,1
2870,св≥туча,1
3913,затертись,1
2869,палила,1
2868,заклопотаний,1
2855,нањжений,1
2856,сокот≥ти,1
2857,сумл≥нно,1
3920,ознайомл€ла,1
2858,поњть,1
3919,плач,1
3918,спл≥татис€,1
3917,поц≥лунок,1
3916,тулити,1
2861,вичесати,1
2862,обдаруЇ,1
2864,мирно,1
3915,ц≥луватись,1
3914,образ,1
2867,в≥чно,1
3935,пищати,1
2820,р≥здв€ний,1
3961,вигукувати,1
3951,стукались,1
2774,рикати,1
2775,бле€в,1
2776,ржати,1
2777,вестис€,1
3952,котилось,1
2778,обкурювати,1
2779,ладан,1
2780,в≥дьом,1
2787,худоб≥,1
3950,зрушений,1
2781,метушн€,1
2782,куриво,1
2783,ознаймл€ла,1
3949,грим≥ти,1
3948,роздирав,1
2785,зас≥сти,1
2773,в≥ра,1
2772,стелив,1
3953,покут≥,1
3954,придушивши,1
2757,гусл€нка,1
2758,облазити,1
3960,завз€то,1
3959,молот,1
3958,коцкав,1
2761,дивн≥м,1
3957,нестерпуче,1
3956,глоти,1
2764,св€щенний,1
2765,поважно,1
2766,служба,1
3955,—еред,1
2767,божу,1
2768,служити,1
2769,клав,1
3947,наставивши,1
3946,молодший,1
3936,парубок,1
2813,спрошував,1
2805,безлюдн≥сть,1
2807,планетник,1
2808,вовк,1
3941,притьмивс€,1
2810,ситий,1
2811,палений,1
2812,св€ту,1
2814,трич≥,1
2788,скоштувати,1
3940,ложе,1
2816,з≥тхав,1
3939,зойку,1
3938,тр€сла,1
3937,душились,1
2818,др≥маючи,1
2819,с≥н≥,1
2804,скутий,1
2803,потинаючи,1
2802,дзвен≥ло,1
2801,чуйно,1
2789,слива,1
3945,згнил≥,1
2790,б≥б,1
2791,логазу,1
2792,готувати,1
3944,зморшок,1
2794,закликати,1
2795,берегтис€,1
2796,миску,1
2797,надв≥р,1
2798,убравшись,1
2799,гугл≥,1
2800,прислухались,1
3943,розт€гувати,1
3942,участь,1
3808,св≥тка,1
3778,замкнувши,1
3066,спопелить,1
3369,наливати,1
3610,танцюючий,1
3365,засв≥титис€,1
3366,€сн≥ший,1
3609,розгор€лась,1
3368,зринати,1
3608,стегно,1
3607,хльоскати,1
3370,щирий,1
3362,бистрина,1
3606,плескав,1
3371,ласкав≥сть,1
3373,спливти,1
3374, олись,1
3375,скотитись,1
3604,жара,1
3601,гайдук,1
3363,стомлен≥м,1
3360,спускавс€,1
3404,недужий,1
3352,безсило,1
3349,зм≥р€ти,1
3350,з≥в'€ти,1
3616,н≥готь,1
3351,байдужн≥сть,1
3615,брудний,1
3614,п≥дносити,1
3613,втомл€тис€,1
3612,бились,1
3359,злазити,1
3353,посунувс€,1
3354,спуст≥лий,1
3611,корчитис€,1
3355,чуючи,1
3356,згубивши,1
3357,л≥тати,1
3358,мета,1
3600,роз≥йтис€,1
2624,звертатис€,1
3379,дочасний,1
3399,виразно,1
3393,боротьба,1
3590,об≥дд€,1
3394,прокинутис€,1
3589,розгинались,1
3396,здивуватис€,1
3397,п≥двестис€,1
3588,одн≥м,1
3400,одд≥л€ло,1
3380,сховатис€,1
3587,тупц€ти,1
3586,незграбно,1
3585,оброслий,1
3584,поцмокував,1
3583,прижмурювати,1
3401,заросль,1
3402,„огось,1
3591,загр≥вати,1
3392,пол€гти,1
3391,потвора,1
3592,п≥дскакував,1
3381,веч≥рн≥й,1
3599,кон€ки,1
3382,дах≥вка,1
3383,густо,1
3384,окутувати,1
3385,розцв≥тались,1
3386,об≥ймав,1
3598,пахва,1
3597,виступати,1
3388,нев≥домий,1
3596,крапл€,1
3595,ковальський,1
3594,оддувавс€,1
3390,блимнули,1
3593,бурчанн€,1
3348,шибнути,1
3617,обтираючи,1
3619,др≥бно,1
3317,охота,1
3647,задоволити,1
3646,пом'€в,1
3645,вимахавсь,1
3313,глибше,1
3314,жерти,1
3315,гар€чка,1
3316,роздратованн€,1
3318,мольфарова,1
3639,знемоз≥,1
3644,хихикнути,1
3319,наважитис€,1
3643,звалитис€,1
3642,знемогтис€,1
3320,упевнивс€,1
3321,проход€чи,1
3641,облет≥ти,1
3648,покректати,1
3311,обл≥пити,1
3310,марн≥в,1
3309,залишитис€,1
3299,вгамував,1
3300,наб≥к,1
3654,пол€нку,1
3301,безоружний,1
3302,бартков,1
3653,розсунути,1
3303,барк,1
3652,красно,1
3304,розборонити,1
3305,обмити,1
3306,закрасивши,1
3307,розрада,1
3651,д€кувати,1
3650,прощатись,1
3649,розгладив,1
3640,забутт€,1
3323,притиснувши,1
3346,змовл€лись,1
3625,загравати,1
3628,с€гнути,1
3627,чугайстра,1
3336,л€лька,1
3337,тикати,1
3338,б'ю,1
3626,бадьорити,1
3339,злов≥сно,1
3623,загр≥вс€,1
3324,прикласти,1
3341,каратис€,1
3342,Їкби,1
3622,утома,1
3621,умл≥вати,1
3343,вбити,1
3344,гинути,1
3345,мах,1
3629,небоже,1
3335,глин€ний,1
3630,п≥дслухати,1
3334,з≥гнувшись,1
3325,брама,1
3326,помилитис€,1
3638,ц≥вка,1
3327,шукаючи,1
3637,вил≥зти,1
3636,чугайста,1
3635,прилипла,1
3329,зазирнути,1
3330,дв≥р,1
3634,утому,1
3633,вдоволенн€,1
3331,посувавс€,1
3632,п'€ти,1
3333,удатис€,1
3631,оживлений,1
3403,змарн≥в,1
3582,вихил€вс€,1
3655,обн€ли,1
3533,обдивитис€,1
3473,вчутис€,1
3474,пристати,1
3475,ход≥мо,1
3536,трухл€вий,1
3476,благати,1
3477,притиснувшись,1
3535,закиданий,1
3531,залюднити,1
3539,посохл≥,1
3479,лишитись,1
3480,позаду,1
3530,кострубатий,1
3529,заметалис€,1
3528,заметавсь,1
3481,густ≥шати,1
3482,пр≥лий,1
3538,сп≥дн≥й,1
3540,звисали,1
3406,сходитис€,1
3546,оточало,1
3461,з≥в'€в,1
3462,дуб,1
3548,бород≥,1
3547,заклинилось,1
3463,розлучити,1
3464,сиреньк≥,1
3465,пов'€ти,1
3467,укуп≥,1
3541,додолу,1
3545,розсунулись,1
3544,назустр≥ч,1
3468,будем,1
3543,скоротити,1
3542,закурити,1
3471,р≥знути,1
3472,см≥Їшс€,1
3527,вигнати,1
3483,гнилий,1
3526,п≥дсподом,1
3508,знак,1
3500,чорн≥сть,1
3501,¬раз,1
3518,г≥лл€,1
3503,тривога,1
3504,слизнути,1
3505,нетерпл€че,1
3506,спинити,1
3517,запинало,1
3525,потр≥щав,1
3509,мовчанн€,1
3516,м'€ке,1
3515,покликати,1
3514,спод≥ваючись,1
3513,нал€катис€,1
3512,спам'€татись,1
3511,чудно,1
3519,ковтнути,1
3499,замкнути,1
3498,€сн≥ше,1
3497,верховинний,1
3524,п≥дпалити,1
3485,пущ≥,1
3486,трухл≥ли,1
3487,поганий,1
3488,гриб,1
3489,гад€р,1
3490,голуб≥нка,1
3491,холод≥ти,1
3523,накидати,1
3492,запл≥тати,1
3493,верства,1
3495,неприв≥тний,1
3521,заблудитись,1
3520,стривоживсь,1
3496,глиб,1
3460,вдержатись,1
3549,звисало,1
3459,шеп≥т,1
3570,смер≥чч€,1
3423,лаба,1
3574,хитатис€,1
3424,благословл€ти,1
3425,строга,1
3572,обсмикнути,1
3426,замкнутий,1
3427,розбивалась,1
3428,п≥ниста,1
3567,п≥дморгнути,1
3429,свавол€,1
3569,докинути,1
3430,нал€кати,1
3431,сховалась,1
3568,лукавий,1
3432,запорпатис€,1
3433,заритис€,1
3422,заглубл€лис€,1
3421,покохати,1
3420,упл≥тка,1
3419,бачачи,1
3407,сем,1
3408,йграв,1
3409,закладати,1
3410,любий,1
3581,см≥шно,1
3580,гуцульськ≥м,1
3579,легк≥м,1
3578,попливти,1
3413,вперед,1
3414,утроба,1
3415,вузький,1
3577,струснути,1
3576,виставити,1
3575,тупнути,1
3418,спитати,1
3434,тихенько,1
3435,дусила,1
3458,водити,1
3551,вп≥знати,1
3555,закалатати,1
3554,поспитати,1
3553,кл≥пнути,1
3447,есь,1
3552,всм≥хнутис€,1
3448,корт≥ти,1
3449,прибравши,1
3450,обминати,1
3566,€кнайдал≥,1
3550,п≥д≥йти,1
3451,двоњлась,1
3452,мар≥чки,1
3453,недењ,1
3454,загубити,1
3455,щебетанн€,1
3457,молод≥сть,1
3556,байдужно,1
3446,вертав,1
3557,запросити,1
3445,гр≥ти,1
3565,затримати,1
3437,безвстидник,1
3564,довше,1
3438,ћило,1
3563,чин,1
3439,надути,1
3440,притулившись,1
3562,розтирав,1
3561,гр≥всь,1
3441,нагадати,1
3442,жарт,1
3443,розлука,1
3444,др≥бничка,1
3560,лист,1
3559,обтруситис€,1
3298,надвоЇ,1
3656,морок,1
3067,св≥товий,1
3153,розган€ти,1
3757,леговище,1
3149,гн≥зд≥,1
3756,шуршали,1
3755,каменистий,1
3150,громовен€та,1
3151,туча,1
3152,тучен€та,1
3154,фортуно,1
3758,загублений,1
3754,кичер,1
3156,≥ди,1
3157,рознесис€,1
3752,згор≥ти,1
3158,розс€дьс€,1
3159,розситис€,1
3160,моргнути,1
3147,вогн€ний,1
3759,п≥зн≥й,1
3727,ненажерливий,1
3766,спл≥тало,1
3768,драгл≥ли,1
3128,розкидати,1
3129,рак,1
3130,хапатис€,1
3131,дерс€,1
3133,вершку,1
3767,однаковий,1
3134,цес,1
3141,п≥дхопити,1
3135,нал€калась,1
3765,зморщений,1
3763,рум'€нець,1
3762,м≥шати,1
3760,мерцев≥,1
3138,впертис€,1
3139,похмурий,1
3161,зневажливо,1
3751,червон≥м,1
3750,розплистис€,1
3735,грунт,1
3740,перегнути,1
3739,схопити,1
3738,безодн≥й,1
3737,наглить,1
3179,зд≥ймав,1
3736,котивс€,1
3180,розв≥€ти,1
3181,гарчати,1
3165,нещаст€,1
3182,плюскати,1
3734,тратив,1
3733,кал≥чити,1
3732,ловл€чи,1
3731,обережн≥сть,1
3185,перевод€чи,1
3729,л€каючись,1
3177,спирав,1
3741,од≥рваний,1
3176,моцувавс€,1
3175,завертаючи,1
3749,скорчити,1
3748,нестерпуч≥сть,1
3747,стукнетьс€,1
3166,чисто,1
3167,вибити,1
3168,п≥ддатись,1
3746,опекти,1
3745,ц≥кав≥сть,1
3169,дужче,1
3170,борючись,1
3744,пурхнути,1
3171,грозити,1
3743,вмить,1
3174,в'юн,1
3742,розправити,1
3126,боротис€,1
3769,вола,1
3125,др€павсь,1
3792,онь,1
3795,в≥дки,1
3079,парно,1
3080,н≥защо,1
3081,пол≥зти,1
3082,приснитис€,1
3793,вибиратис€,1
3083,в≥щувати,1
3084,одв≥дать,1
3091,погадала,1
3791,пучка,1
3085,мрич≥,1
3086,скип≥ли,1
3790,мозол€,1
3087,запарували,1
3789,позавиваЇш,1
3089,махнути,1
3078,збоку,1
3796,голосила,1
3077,виливатис€,1
3797,перериватис€,1
3806,взим≥,1
3068,в'€ло,1
3069,бл≥дли,1
3805,студений,1
3070,розс≥ваЇтьс€,1
3804,сьмо,1
3071,хвилинка,1
3072,с≥да,1
3073,нудьга,1
3803,пастушили,1
3802,одв≥тний,1
3801,сус≥дка,1
3075,з'€вл€вс€,1
3799,нота,1
3798,жал≥бний,1
3090,захитав,1
3788,заговорити,1
3123,вхопитись,1
3116,мчались,1
3111,с≥кли,1
3775,поправл€ти,1
3774,запрацьований,1
3773,Їднати,1
3113,замерзлий,1
3114,страчений,1
3772,мудрий,1
3117,пропадуть,1
3787,сиротливо,1
3771,с€ли,1
3118,засипати,1
3119,ледом,1
3120,голодний,1
3121,захитатис€,1
3770,багатий,1
3122,вихр≥,1
3109,загортаючись,1
3776,солодкавий,1
3777,жал≥сть,1
3108,л€катис€,1
3786,мужа,1
3785,душенька,1
3784,см≥ла,1
3093,синьо,1
3783,стулений,1
3095,спуститись,1
3781,купка,1
3098,пожежа,1
3099,заховатис€,1
3779,дивилось,1
3101,здалеку,1
3102,прудко,1
3103,змиваючи,1
3104,фарба,1
3107,вергло,1
3728,≥ду,1
3189,слабнути,1
3297,вдар,1
3682,сл≥пець,1
3686,вловиме,1
3263,смак,1
3264,колишн≥й,1
3265,кривда,1
3685,тихенький,1
3684,долет≥ти,1
3683,перешкода,1
3681,прост€гнувши,1
3261,глибоко,1
3268,заступивсь,1
3680,ст€тий,1
3269,стр≥вшись,1
3679,валивс€,1
3678,голосний,1
3677,шелест≥нн€,1
3270,лайдаку,1
3687,добувавс€,1
3688,вертатись,1
3726,одкривала,1
3690,стукатис€,1
3694,наколотись,1
3693,жмурив,1
3248,об≥ймалас€,1
3249,криючись,1
3692,одводив,1
3250,¬≥дколи,1
3691,кол≥ньми,1
3253,байдуже,1
3260,вод€нист≥,1
3254,веселилась,1
3689,посп≥шавсь,1
3255,нид≥в,1
3256,сох,1
3257,втрачаючи,1
3258,зм≥на,1
3259,розпорошений,1
3271,жона,1
3272,соромно,1
3676,наливала,1
3664,подружж€,1
3669,шершавий,1
3288,посл≥пли,1
3668,пролазить,1
3667,збитис€,1
3289,заливала,1
3666,гущина,1
3290,кресати,1
3663,нещасливий,1
3273,гаф≥€,1
3662,самотн≥сть,1
3661,безрад≥сний,1
3294,маска,1
3295,скал≥чений,1
3660,опов≥сти,1
3659,потреба,1
3657,дотл≥ваючий,1
3670,нижн≥й,1
3287,об'юшити,1
3671,колоти,1
3286,рубанути,1
3274,руш,1
3675,затањвши,1
3674,натикатис€,1
3275,затр€с,1
3673,спотикатис€,1
3276,торз≥,1
3277,спалахнути,1
3278,мигт≥ти,1
3279,потеруха,1
3280,т€,1
3281,стерти,1
3282,опришку,1
3672,бр≥в,1
3284,т€в,1
3285,умиваючись,1
3246,прилюдно,1
3695,ч≥пл€тис€,1
3696,вол≥к,1
3715,зручний,1
3206,дор≥кують,1
3207,доблеюють,1
3208,ворона,1
3716,звиклий,1
3209,глас,1
3210,р≥ч,1
3211,скоритис€,1
3714,спадаючи,1
3216,продерти,1
3713,гарчанн€,1
3212,розв'€зати,1
3213,засипаючи,1
3214,зав≥са,1
3215,клекот≥ло,1
3712,сипались,1
3711,крут≥ше,1
3717,ум,1
3205,до≥ржуть,1
3718,спинитись,1
3203,просиш,1
3725,повиснути,1
3190,залива,1
3191,перемагати,1
3724,виступ,1
3193,внутр≥шн≥й,1
3194,гн≥вом,1
3195,одчай,1
3723,вхопитис€,1
3722,трудн≥ше,1
3198,под≥ну,1
3199,гинем,1
3200,згинаючись,1
3721,дедал,1
3720,п≥дпора,1
3719,круча,1
3710,спуститис€,1
3217,осм≥хнулись,1
3244,запивалас€,1
3698,сковзаючись,1
3231,верталас€,1
3700,мху,1
3232,розтр≥паний,1
3233,п'€ний,1
3234,волочишс€,1
3235,гл€ди,1
3699,слизьк≥м,1
3236,газдине,1
3218,с€ла,1
3237,овва,1
3238,погул€ти,1
3239,вольно,1
3240,набутись,1
3241,жиЇмо,1
3242,блисне,1
3243,щодн€,1
3230,д≥м,1
3229,щезати,1
3701,спотикаючись,1
3702,цупкий,1
3709,управо,1
3219,нагнулась,1
3220,турботний,1
3708,податись,1
3707,одгукнутись,1
3222,юрчик,1
3223,одвернути,1
3706,заглушений,1
3225,дивувавс€,1
3705,слабенький,1
3226,вбиратись,1
3227,мудро,1
3228,гнути,1
3704,д≥йти,1
3703,тримаючись,1
3378,нетривке,1
2161,добиравс€,1
2623,трапл€лось,1
1184,по€с,1
1169,тринадц€ть,1
1170,пасучи,1
1171,перчить,1
1173,валувати,1
1174,природно,1
1175,в≥дколи,1
1178,засм≥тити,1
1180,к≥тн≥,1
1185,гол≥м,1
1167,йванкова,1
1186,часник,1
1187,пошептати,1
1188,н≥що,1
1189,зашкодити,1
112,€сний,1
1193,осм≥халась,1
1194,любчик,1
1198,Їк,1
1168,≥ванкова,1
1166,≥склав,1
1133,гойдатис€,1
1147,п≥сенька,1
1136,литка,1
1137,опалений,1
115,дзеркала,1
1139,онуч≥в,1
1140,чорн≥ли,1
1141,пола,1
1143,мило,1
1146,≥складена,1
1148,новенький,1
1165,пот≥чок,1
1149,мар≥ччина,1
1152,зчарувала,1
1153,андр≥й,1
1154,параска,1
1155,вмирав,1
1156,навчати,1
1161,ревний,1
1164,кувати,1
1199,даст,1
1200,солодашко,1
1201,п≥зьму,1
1256,муть,1
1236,тул€чи,1
1237,б≥л€вий,1
1247,≥згадаЇш,1
1250,в≥вчарити,1
1252,вил≥зу,1
1253,копицу,1
1254,подивлю,1
1255,затремб≥тай,1
1257,мр€ки,1
1203,набутис€,1
1258,с€ду,1
1259,заплатити,1
1260,пробуваЇ,1
1262,погожу,1
1263,н≥чка,1
1264,зазор≥ти,1
1265,дивитись,1
1268,полонинков,1
1235,стр≥ч≥,1
1234,перервутьс€,1
1233,надовго,1
1231,розлученн€,1
1204,темн≥ти,1
1205,груз,1
1206,требую,1
1207,њхнею,1
1208,згода,1
1210,хотЇ,1
1211,роб'Ї,1
1215,вимахувати,1
1216,розс≥дались,1
1217,складатис€,1
1219,руйнувалось,1
1220,найми,1
104,лабами,1
1224,сумувати,1
1225,заздалег≥дь,1
1226,≥ванка,1
1230,косичила,1
1134,такт,1
1132,потиху,1
1271,чьому,1
1015,послати,1
142,пукав,1
1000,нед≥л€,1
1001,сходились,1
1003,кохатис€,1
1005,встромл€ти,1
1010,друг≥,1
1012,дудка,1
1014,виг≥дно,1
1016,холодно,1
995,в≥ддатись,1
1020,свист€чий,1
137,мо,1
1024,вкладати,1
1025,зрушились,1
1026,збудитис€,1
1027,задзвен≥ти,1
1028,сп≥в,1
1032,зелен≥Ї,1
997,стр≥чались,1
994,значити,1
117,рама,1
973,с,1
961,лабуштан,1
962,низка,1
963,черевичок,1
965,кумкати,1
967,нахил€тис€,1
970,кума,1
971,кум,1
145,свист≥лка,1
974,варила,1
993,запл≥тках,1
977,кректати,1
143,листочок,1
980,верещали,1
982,мовкли,1
986,стрункий,1
987,м≥цний,1
989,мастив,1
991,масло,1
1034,засм≥€тис€,1
1035,барва,1
1037,жене,1
1118,полюбити,1
1103,самичка,1
1104,голуб,1
1106,безл≥ч,1
1109,гойдалис€,1
1110,колиска,1
1111,хлюпались,1
1113,родились,1
1115,самос≥йний,1
1119,леі≥нь,1
1038,неспок≥йний,1
1120,зрадити,1
1122,зашум≥ти,1
1123,виливалось,1
1125,давн≥м,1
1126,перв≥сн≥м,1
120,кип≥в,1
1128,вм≥ла,1
1130,сид€чи,1
1097,менчила,1
1096,зозуленька,1
1090,одв≥тно,1
1089,зрубаний,1
1039,шумливу,1
1046,учувши,1
1047,паша,1
1049,шваром,1
1053,гайна,1
1056,пробувати,1
1057,заспаний,1
1058,пожива,1
1061,ричати,1
1065,з'€вл€тис€,1
1072,поточка,1
1074,пурха,1
1076,легенький,1
1077,крильц€,1
1080,б≥лай,1
1081,файна,1
1083,словечка,1
1270,залишити,1
1272,втрачай,1
958,пот≥чка,1
1478,заклавши,1
1461,комариний,1
1463,сп≥шити,1
1464,горбок,1
1465,долинка,1
1466,дошкул€ти,1
1473,порались,1
1476,зан€тий,1
1477,добуванн€,1
1479,одв≥рки,1
1458,крайнеба,1
84,обм≥н≥ннику,1
1484,прив≥татис€,1
1485,фуркати,1
1488,куритись,1
1490,вогник,1
1491,вискочити,1
1492,запалати,1
1494,побожно,1
1459,захитати,1
1457,покотилась,1
1418,одним,1
1434,кобила,1
88,щезав,1
1422,морський,1
1423,бурун,1
1429,буковинський,1
1430,оповились,1
1431,блакить,1
1432,синиц€,1
1433,дземброн€,1
1436,колола,1
1456,луна,1
1438,говерл€,1
1440,давила,1
1441,лука,1
1445,обл€ло,1
1446,син≥,1
1449,наточений,1
1451,горд≥сть,1
1455,леген€,1
1495,встромити,1
1496,зложений,1
83,≥г≥,1
1566,показать,1
1550,смуга,1
1551,стелитис€,1
1552,починала,1
1556,вивсь,1
1558,клуб,1
74,розз€вити,1
1561,поклавши,1
1563,задумливо,1
1567,нањжити,1
1498,маЇм,1
1569,гас,1
1573,риза,1
1575,вечер€ть,1
1576,з≥йшлись,1
1577,с≥ли,1
1579,з'њсти,1
1582,повесн≥,1
1583,весела,1
1548,зачепл€вс€,1
1547,кинутий,1
1541,розгоралась,1
1540,дрова,1
1501,нечиста,1
1502,озьмес€,1
1503,маржини,1
1504,ирщених,1
1505,завести,1
1509,лавиц€,1
80,замахнувшись,1
1512,приженуть,1
1518,розпов≥сти,1
1521,мова,1
1524,розклад,1
1525,борше,1
77,виймала,1
1530,внести,1
1533,зац≥кавитис€,1
76,верещить,1
1535,одкрити,1
1419,вигинали,1
1417,одкривали,1
1274,хутко,1
1329,св≥тив,1
97,безстрашно,1
1319,самот≥ли,1
1320,оседок,1
1321,вишнев≥,1
96,кульбаба,1
1323,прокурились,1
1327,поблискувати,1
1328,сивина,1
1331,недобрий,1
1314,стрибати,1
95,банька,1
1333,переход€чи,1
1334,минаючи,1
1335,хмурий,1
1336,озивалась,1
1337,б≥лиц€,1
1339,об'њдки,1
1340,шишка,1
1315,в≥тати,1
1313,бадьор≥сть,1
1416,шовк,1
1288,позбираю,1
1275,поверну,1
1276,хитати,1
1277,пос≥ю,1
1279,гой,1
1280,мете,1
1281,молоденький,1
1283,вмивати,1
1286,додати,1
1289,лихий,1
1312,вливати,1
1294,зас≥€ти,1
1295,ірунь,1
1296,висп≥вувати,1
1300,позбираЇ,1
1301,одбуть,1
1303,ранок,1
1304,ск≥к,1
98,забиравс€,1
1342,кам'€нистий,1
1344,мулила,1
1345,попадатис€,1
1403,благословл€ючи,1
1394,природа,1
1395,строг≥сть,1
1397,росливже,1
1398,удалин≥,1
1399,орел,1
1400,зд≥ймавс€,1
1401,кам'€ний,1
1402,шпиц€,1
1404,розмах,1
1347,прост€гтис€,1
1406,чутис€,1
89,котивсь,1
1408,розростатис€,1
1410,славс€,1
1411,жереп,1
1413,повзучий,1
1414,плутались,1
1415,од€гати,1
1391,гут≥ли,1
1390,готури,1
1385,к≥ст€к,1
1384,хвоњ,1
1352,уступати,1
1354,нагинаючись,1
1358,в≥нок,1
1359,нев≥стулька,1
1360,западалис€,1
1361,≥зв≥р,1
1365,плекавс€,1
1366,бурий,1
1368,попадалас€,1
1370,кришталь,1
1371,омивати,1
1375, оло,1
1377,горн€тко,1
1378,коновочка,1
1379,гусл€нки,1
1381,гнити,1
1382,голь,1
959,цар≥вник,1
957,плес≥,1
2618,град≥вник,1
558,стебло,1
549,закрастис€,1
550,похмуре,1
551,царство,1
552,скакав,1
553,б≥ленький,1
554,хлопчик,1
556,метелик,1
557,пурхав,1
559,стеблина,1
545,сп≥вало,1
560,обидва,1
563,просунувши,1
566,жуючи,1
567,жуйка,1
570,св≥док,1
571,неспокою,1
573,дв≥ч≥,1
574,тремб≥тати,1
223,русалка,1
541,щ≥бав,1
497,ламати,1
520,в≥ддавна,1
246,христи€нин,1
245,чигати,1
505,прийшовши,1
506,вздр≥вши,1
508,заспокоњтис€,1
513,вийн€ти,1
242,заповнювати,1
517,напружувати,1
237,бл≥де,1
538,босий,1
234,зах≥д,1
233,потопельник,1
231,байк,1
531,пожбурнувши,1
532,вз€вшись,1
533,закружитис€,1
534,перебирати,1
230,вигадувати,1
576,опов≥щаючи,1
220,ховатис€,1
579,брат,1
196,повно,1
624,цвинтар,1
625,церковц€,1
626,богом≥льний,1
200,олень,1
197,л≥совик,1
631,побачитись,1
632,ос≥вс€,1
633,околишн≥й,1
635,трапл€лась,1
580,олексу,1
636,нагода,1
637,одд€чити,1
638,гутенюкам,1
639,василеву,1
641,чюрила,1
642,вит€гатис€,1
643,найкращий,1
647,крашениц≥,1
623,спочило,1
621,п'€теро,1
618,невеликий,1
617,двадц€та,1
582,вдруге,1
583,брачч≥к,1
584,василь,1
218,танок,1
590,пос≥чений,1
216,розводити,1
214,безводний,1
599,завз€тт€,1
600,ди€вольський,1
213,¬ище,1
602,докладно,1
209,роздирати,1
607,помститись,1
608,хапавсь,1
202,серн,1
613,кинутись,1
614,б≥й,1
501,гнатис€,1
494,наосл≥п,1
652,набиваний,1
374,списаний,1
361,плакучий,1
362,крити,1
366,попадалось,1
287,навчитис€,1
369,сам≥м,1
371,творило,1
372,хаос,1
373,поламаний,1
286,немудрий,1
291,досада,1
381,кождий,1
382,вкривали,1
383,рудавий,1
285,вигравав,1
284,соп≥лка,1
390,ховати,1
395,вгинатис€,1
397,пуховий,1
290,вдовольн€ти,1
356,крайнеб≥,1
251,уноч≥,1
333,самий,1
310,стирати,1
311,бл≥ду,1
320,вдивитись,1
304,колок≥льц€,1
324,химерний,1
327,крильце,1
331,покинути,1
332,подр€патис€,1
336,п≥д≥ймавсь,1
354,кущ,1
298,затоплював,1
339,густ€,1
347,кам≥нець,1
348,кам≥нчик,1
349,перелазити,1
351,продиравс€,1
295,невловимий,1
294,не€сний,1
398,подушка,1
400,гогоз≥в,1
401,афин,1
470,щока,1
265,посилати,1
449,принаймн≥,1
264,обов'€зок,1
456,скривити,1
459,нагнути,1
462,дути,1
259,чудо,1
466,розливалась,1
471,надулись,1
402,запустити,1
472,розплющились,1
476,виткнувшись,1
478,затр€сти,1
480,бородатий,1
484,прикутий,1
486,н≥мо,1
488,видобув,1
489,звинутис€,1
268,жовтаню,1
269,голубаню,1
444,напруженн€,1
270,потопати,1
405,зверху,1
406,сипнути,1
281,узб≥чч€,1
411,одпочити,1
413,дзвен≥ти,1
417,налл€ло,1
418,злот,1
419,зазеленити,1
421,димок,1
423,≥гриц€,1
424,оксамитовий,1
425,гул,1
278,тужливий,1
275,смеречка,1
435,невловиме,1
439,застиглий,1
441,вит€гнути,1
651,таб≥вки,1
653,цв€х,1
956,тих≥м,1
876,колок≥льц≥,1
865,сус≥дн≥й,1
866,кичерах,1
867,стр≥ти,1
868,стр≥тис€,1
869,пасла,1
872,спод≥валась,1
156,зел≥,1
875,Ќехай,1
877,вир≥кують,1
862,несв≥домо,1
878,йн€ти,1
879,€рок,1
880,збившись,1
882,дивились,1
884,качались,1
885,дзвон€чи,1
155,л≥сов≥м,1
890,зазирали,1
158,косичив,1
861,теч≥йка,1
164,сохло,1
843,загн≥здилось,1
161,утомившись,1
832,зрозум≥лий,1
834,поринати,1
835,втретЇ,1
836,затремб≥тала,1
838,пал≥йчук,1
160,бриль,1
841,настати,1
844,безладд€,1
860,влилась,1
847,продавались,1
851,сн≥ги,1
852,знайом≥сть,1
853,д≥вчам,1
854,скривджений,1
855,безневинно,1
856,цукерок,1
858,безпричинний,1
892,стр≥мко,1
894,синню,1
895,хт≥ла,1
940,змерзала,1
930,бовтались,1
932,зв≥р€,1
933,сором,1
935,€сн≥м,1
936,волосс≥,1
937,льодовий,1
938,щипала,1
147,травинка,1
941,пускалас€,1
896,щ≥лина,1
146,пищав,1
944,вор,1
945,рова,1
946,цокот≥ти,1
951,пускавсь,1
952,доган€ти,1
953,потомлений,1
954,загр≥тий,1
929,розд€гтис€,1
928,курбало,1
927,спок≥йн≥ше,1
925,хека,1
898,тр€с,1
903,в≥ков≥чний,1
904,берегти,1
905,власне,1
907,поб≥льшати,1
908,найб≥льший,1
909,розм≥р,1
149,вдавати,1
913,чийсь,1
915,потайний,1
916,гупанн€,1
917,барда,1
918,хеканн€,1
920,шепот≥ла,1
922,невидима,1
923,гупа,1
148,намагаючись,1
827,марцинова,1
822,зватис€,1
656,черлений,1
717,ст€лись,1
700,к≥нний,1
701,п≥ший,1
184,повстати,1
709,зв≥€тис€,1
711,вихор,1
713,заблищали,1
715,крем≥нь,1
716,криц€,1
718,гутенюки,1
697,зробитис€,1
719,пал≥йчуками,1
183,кан€,1
721,роз≥брати,1
722,йтис€,1
723,розмахнути,1
725,плаз,1
182,канькаЇ,1
728,бризнула,1
698,тиск,1
695,вузенький,1
818,р€дочок,1
671,пох≥д,1
659,б≥лосн≥жний,1
660,іуіл€,1
188,позирати,1
187,непевно,1
666,дзьобню,1
667,с≥длатис€,1
669,суточками,1
185,зозул€,1
672,закосичував,1
694,напитиц,1
675,мак,1
677,св€точно,1
678,прибраний,1
680,розцв≥талас€,1
683,р≥знобарвний,1
685,запинал≥,1
689,парасол€,1
690,незабаром,1
181,розум≥ти,1
731,йойкнула,1
180,п≥дойму,1
793,заздр≥сно,1
770,видерти,1
772,з≥гнутий,1
774,сп≥длоба,1
780,л≥пш≥,1
783,тон,1
784,хлопець,1
789,капчур≥,1
791,обую,1
796,фед≥р,1
736,т€ти,1
797,зайграЇ,1
798,надутис€,1
801,б'Їш,1
802,нашо,1
806,шукать,1
811,вкусила,1
165,остривах,1
816,завагатис€,1
769,захищати,1
174,ум≥в,1
766,к≥сник,1
765,роздер,1
738,похитнутис€,1
179,матриган,1
740,п≥дт€тий,1
741,доросл≥,1
742,потолочити,1
743,протиснутись,1
178,одален,1
746,роз'юшений,1
747,наскочити,1
748,розг≥н,1
749,д≥вча,1
754,гутенюкова,1
756,думавши,1
757,ударити,1
758,скривилась,1
759,притулити,1
763,шарпнути,1
1584,ню,1
1587,стоњще,1
1590,головешка,1
2302,вкрасти,1
2289,пробити,1
2290,закл€в,1
2294,сотворити,1
2296,здатний,1
2297,надумати,1
2298,вимудровувати,1
2299,украсти,1
2301,скрипка,1
2303,тото,1
2287,виростати,1
2304,пастуша,1
2305,мудрощ≥,1
2306,штудерац≥€,1
2307,вс€ка,1
2310,красти,1
2312,загр≥тись,1
2315,досадно,1
2316,озьмив,1
2288,вищий,1
2286,плюне,1
2256,мовкнути,1
2271,п≥рнути,1
2260,сме,1
2262,дав,1
2263,оба,1
2265,виучитис€,1
2266,схот≥в,1
2268,бих,1
2269,пронир,1
2270,пронри,1
2272,згр≥б,1
2284,зачав,1
2273,жмен€,1
2275,розс≥€ти,1
2276,поблагословити,1
2278,рота,1
2279,розперла,1
2281,л≥зти,1
2282,плюй,1
2283,радити,1
2317,плюнути,1
2321,чистий,1
2324,чорт,1
2366,розстелилос€,1
2357,сн≥данок,1
2359,слабо,1
2360,застайка,1
2361,обступити,1
2362,вит€гувати,1
2363,залежаний,1
2364,гребутьс€,1
2365,велетенський,1
2367,випасаютьс€,1
2325,хрестити,1
2368,опр≥ч,1
2369,послатис€,1
2370,ц€тка,1
2371,затопити,1
2372,зсунутис€,1
2373,роздушили,1
2374,живуще,1
2377,ссать,1
2354,покривалом,1
2353,хропе,1
2350,ху,1
2348,вб≥к,1
2326,занедужав,1
2327,неспок≥йно,1
2328,постогнувати,1
2329,хорий,1
2330,котл≥,1
2331,збиватис€,1
2333,іонт,1
2334,буха,1
2336,встромлювати,1
2337,сокотити,1
2338,сю,1
2340,вбер≥г,1
2341,наклад,1
2342,чезне,1
2343,розпливатис€,1
2344,царинц≥,1
2345,грабл≥,1
2259,запитати,1
2252,пливла,1
2379,душити,1
2175,гримати,1
2158,мр€ц≥,1
306,зажурений,1
2163,настромитис€,1
2164,к≥л,1
2167,брехати,1
2169,плова,1
2171,≥лл€,1
2172,воювавсь,1
2176,Їси,1
2156,об≥зватись,1
2177,лупитис€,1
2178,западати,1
2179,щойно,1
2180,лусне,1
2182,з≥в'Їс€,1
2183,шусть,1
2184,глумитис€,1
2185,п≥дставл€ти,1
2157,розпливавс€,1
2155,липкий,1
2250,€кус,1
2138,називати,1
2126,звестис€,1
2128,пирсне,1
2129,хукнути,1
2130,скло,1
2131,зап≥тн≥ти,1
36,розумний,1
2133,показувати,1
2137,пошепки,1
2139,негура,1
2154,згублений,1
2140,заставала,1
2145,в≥дзивалось,1
35,старече,1
2148,безпом≥чний,1
2149,прост€гши,1
2151,гей,1
2152,става,1
2153,безпорадний,1
2186,гузицю,1
2187,в≥вчарев≥,1
2190,змокнути,1
2236,сирота,1
2226,гов≥ркий,1
2227,ходи,1
2228,д,1
2229,почекай,1
2230,йва,1
2233,пшениц€,1
2234,викохувати,1
2235,сирок,1
2237,вирости,1
2191,петр≥вка,1
2238,плекати,1
2240,пригладжуючи,1
2241,непок≥рний,1
2243,упоравшись,1
2244,пересичений,1
2246,присуватис€,1
2248,прохав,1
2249,опов≥ж,1
2225,сп≥вучий,1
2223,обл€гатись,1
2221,сонний,1
2217,чел€дини,1
2193,т€жк≥њ,1
2196,розчахнулось,1
2197,обступати,1
2198,питаючись,1
2199,навперейми,1
2203,р≥денький,1
2204,мочарникова,1
2205,≥лена,1
2208,набирати,1
2209,бриндза,1
2210,спускались,1
29,погано,1
2212,палали,1
2213,скидати,1
2214,вош≥,1
2215,з≥бравшись,1
2216,зголодн≥лий,1
2378,вороже,1
2380,затверд≥ти,1
1591,фурка,1
2545,задоволений,1
2537,пастушив,1
2538,угорський,1
2539,походити,1
2540,в≥дтак,1
2541,оженитис€,1
2542,гздувати,1
2543,п≥столь,1
2544,одсп≥вати,1
13,скарга,1
2535,худий,1
2547,багацький,1
2549,нос,1
2553,погл€даючи,1
2554,ботей,1
2555,рули,1
2556,випас,1
2557,журитис€,1
2558,багатства,1
2536,зчорн≥лий,1
2533,мий,1
2501,гн≥в,1
2515,щемл€чий,1
2506,п≥знати,1
2507,лантух,1
2509,маса,1
2510,стертий,1
2511,р≥чний,1
2512,млин≥,1
2513,крут≥ж,1
2514,жери,1
2517,погнати,1
2532,сьо,1
2518,затул€ти,1
2520,залом,1
2521,зализувати,1
2525,живитис€,1
2527,д≥вчина,1
2529,роз≥,1
2530,йшлис€,1
2531,чутка,1
2559,гуцул,1
2560,плеканн€,1
2561,мама,1
2606,абих,1
2597,сноч≥,1
2599,кочеЇтьс€,1
2600,шос,1
2601,капшук,1
2602,св≥титис€,1
2603,з≥рниц€,1
2604,вориннЇ,1
2605,химин≥,1
2607,здоров,1
2563,вигода,1
2608,догадатис€,1
2610,в≥дьму,1
2611,≥мив,1
2612,найближч≥м,1
2613,горб≥,1
2614,сус≥дити,1
2616,богувати,1
2617,знаючий,1
2596,в≥дьмо,1
2593,€гнЇт,1
2590,сплесне,1
2589,€гнЇта,1
2564,маржинц≥,1
2565,зурочити,1
2568,небезпека,1
2569,гл€д≥ти,1
2570,гадина,1
2571,спос≥б,1
2572,пот€гати,1
2573,манна,1
2574,потинали,1
2575,п≥дкурювать,1
2576,ворожити,1
2577,замовл€ти,1
2578,помагала,1
2580,д≥лити,1
2584,в≥йшла,1
2585,дав≥,1
2586,притул,1
2502,злоба,1
2499,каш≥ци,1
2381,байдужний,1
2425,загл€дати,1
2415,причутис€,1
2416,вагатис€,1
2417,утретЇ,1
2418,зв≥дкись,1
2420,навпростець,1
2421,стр≥чати,1
2422,зб≥гти,1
2424,д≥статись,1
2428,хрест€чи,1
2412,хвилюватись,1
2430,повертати,1
2432,казан,1
2433,навхрест,1
2434,м≥шаЇтьс€,1
2435,пот€гатис€,1
2437,видн≥ше,1
2438,зачервон≥тис€,1
2440,холоне,1
2414,заблудитис€,1
2411,заливати,1
2498,прибитись,1
2396,во,1
2382,небутт€,1
2383,нетерпл€чка,1
2384,стука,1
2388,стрепенувшись,1
2389,улюлюканн€,1
2390,ревучий,1
2393,розбити,1
2394,шибку,1
2397,одзиватис€,1
2410,туга,1
2398,збуджений,1
2400,повтор€ти,1
2401,з≥мкнутис€,1
2402,розбитий,1
2403,скал€ти,1
2405,зробилось,1
2407,схот≥лось,1
2408,хатн≥й,1
2441,д≥тис€,1
2442,обл€ли,1
2443,потопити,1
2483,заскочити,1
2469,ос≥нн≥й,1
2472,спузарем,1
2473,народитис€,1
2475,привол≥клась,1
2476,нипа,1
2477,надаремне,1
2478,застати,1
2479,сим,1
2484,пов≥нь,1
2444,безкрањй,1
2486,збити,1
2488,понести,1
2490,благанн€,1
2491,вр€тувати,1
2492,в≥рити,1
2493,штука,1
2494,д≥знатис€,1
2497,р≥шити,1
2468,здоптан≥,1
2467,одтремб≥тали,1
2466,хаз€€ми,1
2465,роз≥браний,1
2446,подихнути,1
2447,хвилюватис€,1
2448,невидиме,1
2450,виткнутис€,1
2451,—ильн≥ше,1
2452,подиха,1
2453,зростати,1
2454,вал,1
2455,пробиваютьс€,1
2457,пост≥кати,1
2458,простелити,1
2459,корона,1
2460,показати,1
2461,нестис€,1
2462,л≥тувати,1
2463,спуст≥ла,1
2464,стекти,1
2125,погейкувати,1
2124,заверне,1
2123,розсиплютьс€,1
1783,запахла,1
1773,б≥льмом,1
1774,сн≥говий,1
1776,розпатланий,1
1777,закотилис€,1
1778,долинку,1
1779,тих≥ше,1
1781,острий,1
1782,сильн≥ше,1
1784,виступа,1
1770,грива,1
1785,розлити,1
1786,заголуб≥ти,1
1787,налились,1
1788,походжати,1
1789,звернений,1
1790,порозс≥вала,1
1791,з≥йти,1
1792,кв≥ти,1
1772,блима,1
1769,розмечуЇ,1
1729,’ай,1
1746,карк,1
1732,скиглити,1
1737,Ќевгавуче,1
1738,висотувати,1
1739,н≥ж,1
1741,шл€г,1
1742,трафив,1
1744,обган€ти,1
1745,настовбурчити,1
1749,одноман≥тний,1
1767,розгнузданий,1
1750,зц≥,1
1752,замовк,1
1753,боли,1
1754,дзичи,1
1758,безсилий,1
1759,затулити,1
1760,заплакати,1
1763,йой,1
1795,паста,1
1796,згадуватис€,1
1797,зривати,1
1851,рев≥нн€,1
1840,лапа,1
1841,шепче,1
51,хитрий,1
1843,€гн€та,1
1845,обдурити,1
1846,небого,1
1847,надити,1
1850,передсмертний,1
1852,викидати,1
1798,закосичувати,1
1855,бугай,1
1856,з≥гнути,1
1859,р≥зати,1
1860,стрепенувс€,1
1862,бахнув,1
1865,загрим≥ти,1
1867,верхи,1
1868,озвались,1
1839,м'€кенький,1
1834,труситис€,1
1833,сокотис€,1
1832,боротись,1
1801,пирхати,1
1804,ст€ти,1
1806,бабельки,1
1807,хребти,1
1808,хвилька,1
1810,потомились,1
1812,звиса,1
1813,≥кло,1
1817,задум,1
1820,т€гнутис€,1
1821,прополоскати,1
1823,стоњш,1
1824,бадилина,1
1825,остр≥в,1
1826,обливати,1
1828,безводах,1
1829,безслихах,1
1731,тенетах,1
1727,обернутись,1
2121,потремт≥ли,1
1646,слин€вий,1
1629,верховинко,1
1630,чимЇсь,1
1631,згорд≥ти,1
1634,п≥дган€ти,1
1636,л≥ниво,1
1638,н≥жка,1
1641,морда,1
1644,зануда,1
1647,поскаржитись,1
1626,вич≥сувати,1
1648,бозна,1
1650,м≥рно,1
1651,розтинати,1
60,шити,1
1653,кресанею,1
59,довестис€,1
1655,нюхати,1
1656,скоса,1
1628,полонинко,1
1624,прол≥таючи,1
1725,розправл€,1
1605,прив≥тать,1
1592,крилатий,1
1593,зм≥й,1
1594,ворот€х,1
1595,стоњща,1
1598,рвуть,1
68,причина,1
1602,ричанн€,1
1603,вловимий,1
1608,прохали,1
1621,простосердечний,1
1609,переступати,1
1611,милосердний,1
1612,заступити,1
1614,перех≥д,1
1616,припадку,1
1617,з≥брати,1
1619,ласкаво,1
1620,слухало,1
1658,пор€док,1
1661,пухнатий,1
58,ст€мились,1
1712,похмурн≥Ї,1
1699,далек≥м,1
54,обм≥н€ти,1
1702,одколоту,1
1703,докучно,1
1706,грубо,1
1707,навод€чи,1
1710,п≥внеба,1
1711,гасне,1
1713,уд≥вець,1
1665,горл€ний,1
1714,молод≥ти,1
52,б≥сиц€,1
1717,бай,1
1718,жениш,1
1719,бескиде,1
1720,замазалось,1
1723,погаснути,1
1724,повзе,1
1697,вовнистий,1
55,б≥сен€,1
1695,нечутно,1
1693,веселка,1
1667,крайн≥х,1
57,п≥дростала,1
1669,пов≥дь,1
1673,нахилились,1
1675,вигризати,1
1678,бриндуша,1
1680,гор≥шок,1
1681,бир!,1
1682,стелити,1
1683,отар≥,1
1685,рухомий,1
1686,р€бий,1
56,туго,1
1689,ближчий,1
1690,пересувати,1
1691,непорушно,1
1692,розклавшись,1
1869,дальш≥,1
1870,н≥м≥ти,1
1872,дума,1
2050,н≥мий,1
2039,жовкнути,1
2040,розщ≥бати,1
2041,рукава,1
2043,занурювати,1
2045,застигати,1
2046,замкнений,1
2048,творитис€,1
2049,чаклувати,1
2052,затањти,1
2037,згинатис€,1
2053,притањлись,1
2054,будзи,1
2056,поснути,1
2057,сном,1
2060,соромливо,1
2062,ватагових,1
2064,наспод≥,1
2066,одбуватис€,1
2038,потр≥скувати,1
2036,входити,1
1873,пильн≥ше,1
2021,баранець,1
2011,книга,1
2014,зсува,1
2015,чита,1
2016,мос≥йчук,1
2017,штирнадц€ть,1
2018,дроб'Їт,1
2019,належит,1
2020,виводити,1
2022,крутор≥жка,1
2034,док≥нчувати,1
2024,баранчик,1
2025,с≥нц€,1
2026,розсп≥ватис€,1
2027,сердитис€,1
2029,перел≥чувати,1
2030,карб,1
2031,крутор≥жко,1
2032,вийдеш,1
2067,оживати,1
2068,потроху,1
2069,опускатис€,1
2103,зазнати,1
2095,виносити,1
2096,трубити,1
2097,поб≥дно,1
2098,пустинний,1
2099,ск≥нчивс€,1
2100,мир,1
2101,вдатис€,1
2102,л≥туванн€,1
2106,картина,1
2070,закруглювати,1
2109,укутати,1
2110,зелен≥ла,1
2113,виступити,1
2114,олен≥,1
2115,р≥г,1
2117,весел≥ший,1
2118,гурт,1
2119,виб≥гти,1
2094,заходити,1
2093,спузар€,1
2092,гул€,1
2090,котел,1
2071,плещуть,1
2072,бгати,1
2073,гладити,1
2074,всередин≥,1
2075,посуди,1
2076,сировий,1
2077,чудом,1
2078,обертати,1
2079,купатис€,1
2080,родовий,1
2082,гл€нуть,1
2083,славний,1
2084,ватагов≥,1
2086,пожиток,1
2087,одчин€тис€,1
2088,нарозт≥ж,1
2089,лиже,1
2010,закарбувати,1
2009,читати,1
2008,колодка,1
1919,почекайте,1
1908,дошка,1
1909,стискати,1
46,злогах,1
1911,пелехатий,1
1915,нетерпл€чий,1
1916,прутьс€,1
1917,швидше,1
1918,здоњти,1
1922,лемент,1
1936,задом,1
44,сокотилас€,1
1925,прут,1
1926,п≥дбадьорювати,1
1930,бис,1
1931,ану,1
1932,скажеш,1
1933,навиклий,1
1934,хапа,1
47,обкурити,1
1905,дашко,1
1903,цупка,1
1902,губка,1
1874,огл€дати,1
1876,затих,1
1877,перенестис€,1
1878,минати,1
1880,жданий,1
1881,мелод≥йний,1
1882,тремт≥нн€,1
1888,лл€тис€,1
1889,перистий,1
1892,обважн≥лий,1
49,засв≥тити,1
1894,трет≥й,1
1895,доба,1
1896,с≥€ти,1
1897,мачкатий,1
1898,дощик,1
1900,закуталось,1
1935,в≥вцю,1
1937,невиг≥дно,1
1,дев'€тнадц€тий,1
1988,вугл€,1
1972,самотина,1
1975,висилати,1
1976,мандри,1
1980,заправити,1
1983,боханець,1
1984,будзу,1
1985,пов≥вати,1
1986,ватага,1
1990,барильц€,1
1938,розчеп≥ривши,1
1991,н≥мувати,1
1993,запукай,1
1994,об≥зветьс€,1
1998,коновка,1
1999,начинн€,1
2003,р≥дний,1
2005,вийма,1
2006,череса,1
1970,в≥ритис€,1
1968,опуст≥ти,1
1967,бадьоро,1
1966,мр€ку,1
1939,слуха,1
1940,дзюрити,1
1941,покликувати,1
1943,стуман≥л≥,1
1944,загород≥,1
1945,лапка,1
1947,овече,1
1950,лой,1
1953,вскакувати,1
1954,очман≥л≥,1
1955,розчеп≥рювати,1
1956,в≥вчарський,1
1957,знесилений,1
1959,дзюрчить,1
1960,зат≥кати,1
1962,рукав,1
1964,плох≥,1
4013,робот,1
